<?xml version="1.0" encoding="UTF-8"?>
<metadata xml:lang="sv"><Esri><CreaDate>20230119</CreaDate><CreaTime>15074200</CreaTime><ArcGISFormat>1.0</ArcGISFormat><SyncOnce>FALSE</SyncOnce><DataProperties><itemProps><itemName Sync="TRUE">Hunting_pits_covered_by_lidar</itemName><imsContentType Sync="TRUE">002</imsContentType><itemSize Sync="TRUE">0.000</itemSize><itemLocation><linkage Sync="TRUE">file://\\nas1.seksko.slu.se\extension_100TB\William\GitHub\Remnants-of-charcoal-kilns\data\Hunting_pits_covered_by_lidar.shp</linkage><protocol Sync="TRUE">Local Area Network</protocol></itemLocation></itemProps><coordRef><type Sync="TRUE">Projected</type><geogcsn Sync="TRUE">GCS_SWEREF99</geogcsn><csUnits Sync="TRUE">Linear Unit: Meter (1.000000)</csUnits><projcsn Sync="TRUE">SWEREF99_TM</projcsn><peXml Sync="TRUE">&lt;ProjectedCoordinateSystem xsi:type='typens:ProjectedCoordinateSystem' xmlns:xsi='http://www.w3.org/2001/XMLSchema-instance' xmlns:xs='http://www.w3.org/2001/XMLSchema' xmlns:typens='http://www.esri.com/schemas/ArcGIS/3.0.0'&gt;&lt;WKT&gt;PROJCS[&amp;quot;SWEREF99_TM&amp;quot;,GEOGCS[&amp;quot;GCS_SWEREF99&amp;quot;,DATUM[&amp;quot;D_SWEREF99&amp;quot;,SPHEROID[&amp;quot;GRS_1980&amp;quot;,6378137.0,298.257222101]],PRIMEM[&amp;quot;Greenwich&amp;quot;,0.0],UNIT[&amp;quot;Degree&amp;quot;,0.0174532925199433]],PROJECTION[&amp;quot;Transverse_Mercator&amp;quot;],PARAMETER[&amp;quot;False_Easting&amp;quot;,500000.0],PARAMETER[&amp;quot;False_Northing&amp;quot;,0.0],PARAMETER[&amp;quot;Central_Meridian&amp;quot;,15.0],PARAMETER[&amp;quot;Scale_Factor&amp;quot;,0.9996],PARAMETER[&amp;quot;Latitude_Of_Origin&amp;quot;,0.0],UNIT[&amp;quot;Meter&amp;quot;,1.0],AUTHORITY[&amp;quot;EPSG&amp;quot;,3006]]&lt;/WKT&gt;&lt;XOrigin&gt;-5120900&lt;/XOrigin&gt;&lt;YOrigin&gt;-9998100&lt;/YOrigin&gt;&lt;XYScale&gt;450445547.3910538&lt;/XYScale&gt;&lt;ZOrigin&gt;-100000&lt;/ZOrigin&gt;&lt;ZScale&gt;10000&lt;/ZScale&gt;&lt;MOrigin&gt;-100000&lt;/MOrigin&gt;&lt;MScale&gt;10000&lt;/MScale&gt;&lt;XYTolerance&gt;0.001&lt;/XYTolerance&gt;&lt;ZTolerance&gt;0.001&lt;/ZTolerance&gt;&lt;MTolerance&gt;0.001&lt;/MTolerance&gt;&lt;HighPrecision&gt;true&lt;/HighPrecision&gt;&lt;WKID&gt;3006&lt;/WKID&gt;&lt;LatestWKID&gt;3006&lt;/LatestWKID&gt;&lt;/ProjectedCoordinateSystem&gt;</peXml></coordRef><lineage><Process ToolSource="c:\program files\arcgis\pro\Resources\ArcToolbox\toolboxes\Data Management Tools.tbx\Merge" Date="20230119" Time="150801">Merge Fangstgrop_37_1722st_220629;pits_that_dont_intersect_SFA_pits Y:\William\GitHub\Remnants-of-charcoal-kilns\data\Hunting_pits.shp "globalid "globalid" true true false 38 Text 0 0,First,#,Fangstgrop_37_1722st_220629,globalid,0,38;typavlamni "typavlamni" true true false 5 Long 0 5,First,#,Fangstgrop_37_1722st_220629,typavlamni,-1,-1;tolkningda "tolkningda" true true false 8 Date 0 0,First,#,Fangstgrop_37_1722st_220629,tolkningda,-1,-1;tolkningka "tolkningka" true true false 5 Long 0 5,First,#,Fangstgrop_37_1722st_220629,tolkningka,-1,-1;kalladatum "kalladatum" true true false 8 Date 0 0,First,#,Fangstgrop_37_1722st_220629,kalladatum,-1,-1;utbredning "utbredning" true true false 19 Double 0 0,First,#,Fangstgrop_37_1722st_220629,utbredning,-1,-1;insamlatav "insamlatav" true true false 254 Text 0 0,First,#,Fangstgrop_37_1722st_220629,insamlatav,0,254;verifierat "verifierat" true true false 5 Long 0 5,First,#,Fangstgrop_37_1722st_220629,verifierat,-1,-1;SHAPE__Len "SHAPE__Len" true true false 19 Double 0 0,First,#,Fangstgrop_37_1722st_220629,SHAPE__Len,-1,-1;SHAPE__Are "SHAPE__Are" true true false 19 Double 0 0,First,#,Fangstgrop_37_1722st_220629,SHAPE__Are,-1,-1;created_us "created_us" true true false 254 Text 0 0,First,#,Fangstgrop_37_1722st_220629,created_us,0,254;created_da "created_da" true true false 8 Date 0 0,First,#,Fangstgrop_37_1722st_220629,created_da,-1,-1;last_edite "last_edite" true true false 254 Text 0 0,First,#,Fangstgrop_37_1722st_220629,last_edite,0,254;last_edi_1 "last_edi_1" true true false 8 Date 0 0,First,#,Fangstgrop_37_1722st_220629,last_edi_1,-1,-1;Classvalue "Classvalue" true true false 5 Long 0 5,First,#,Fangstgrop_37_1722st_220629,Classvalue,-1,-1" NO_SOURCE_INFO</Process><Process ToolSource="c:\program files\arcgis\pro\Resources\ArcToolbox\toolboxes\Conversion Tools.tbx\ExportFeatures" Date="20230119" Time="151350">ExportFeatures Hunting_pits Y:\William\GitHub\Remnants-of-charcoal-kilns\data\Hunting_pits_covered_by_lidar.shp # NOT_USE_ALIAS "globalid "globalid" true true false 38 Text 0 0,First,#,Hunting_pits,globalid,0,38;typavlamni "typavlamni" true true false 5 Long 0 5,First,#,Hunting_pits,typavlamni,-1,-1;tolkningda "tolkningda" true true false 8 Date 0 0,First,#,Hunting_pits,tolkningda,-1,-1;tolkningka "tolkningka" true true false 5 Long 0 5,First,#,Hunting_pits,tolkningka,-1,-1;kalladatum "kalladatum" true true false 8 Date 0 0,First,#,Hunting_pits,kalladatum,-1,-1;utbredning "utbredning" true true false 19 Double 0 0,First,#,Hunting_pits,utbredning,-1,-1;insamlatav "insamlatav" true true false 254 Text 0 0,First,#,Hunting_pits,insamlatav,0,254;verifierat "verifierat" true true false 5 Long 0 5,First,#,Hunting_pits,verifierat,-1,-1;SHAPE__Len "SHAPE__Len" true true false 19 Double 0 0,First,#,Hunting_pits,SHAPE__Len,-1,-1;SHAPE__Are "SHAPE__Are" true true false 19 Double 0 0,First,#,Hunting_pits,SHAPE__Are,-1,-1;created_us "created_us" true true false 254 Text 0 0,First,#,Hunting_pits,created_us,0,254;created_da "created_da" true true false 8 Date 0 0,First,#,Hunting_pits,created_da,-1,-1;last_edite "last_edite" true true false 254 Text 0 0,First,#,Hunting_pits,last_edite,0,254;last_edi_1 "last_edi_1" true true false 8 Date 0 0,First,#,Hunting_pits,last_edi_1,-1,-1;Classvalue "Classvalue" true true false 5 Long 0 5,First,#,Hunting_pits,Classvalue,-1,-1" #</Process></lineage></DataProperties><SyncDate>20230119</SyncDate><SyncTime>15133400</SyncTime><ModDate>20230119</ModDate><ModTime>15133400</ModTime></Esri><dataIdInfo><envirDesc Sync="TRUE">Microsoft Windows 10 Version 10.0 (Build 19044) ; Esri ArcGIS 13.0.3.36057</envirDesc><dataLang><languageCode value="swe" Sync="TRUE"></languageCode><countryCode value="SWE" Sync="TRUE"></countryCode></dataLang><idCitation><resTitle Sync="TRUE">Hunting_pits_covered_by_lidar</resTitle><presForm><PresFormCd value="005" Sync="TRUE"></PresFormCd></presForm></idCitation><spatRpType><SpatRepTypCd value="001" Sync="TRUE"></SpatRepTypCd></spatRpType></dataIdInfo><mdLang><languageCode value="swe" Sync="TRUE"></languageCode><countryCode value="SWE" Sync="TRUE"></countryCode></mdLang><mdChar><CharSetCd value="004" Sync="TRUE"></CharSetCd></mdChar><distInfo><distFormat><formatName Sync="TRUE">Shapefile</formatName></distFormat><distTranOps><transSize Sync="TRUE">0.000</transSize></distTranOps></distInfo><mdHrLv><ScopeCd value="005" Sync="TRUE"></ScopeCd></mdHrLv><mdHrLvName Sync="TRUE">dataset</mdHrLvName><refSysInfo><RefSystem><refSysID><identCode code="3006" Sync="TRUE"></identCode><idCodeSpace Sync="TRUE">EPSG</idCodeSpace><idVersion Sync="TRUE">6.7(9.0.0)</idVersion></refSysID></RefSystem></refSysInfo><spatRepInfo><VectSpatRep><geometObjs Name="Hunting_pits_covered_by_lidar"><geoObjTyp><GeoObjTypCd value="002" Sync="TRUE"></GeoObjTypCd></geoObjTyp><geoObjCnt Sync="TRUE">0</geoObjCnt></geometObjs><topLvl><TopoLevCd value="001" Sync="TRUE"></TopoLevCd></topLvl></VectSpatRep></spatRepInfo><spdoinfo><ptvctinf><esriterm Name="Hunting_pits_covered_by_lidar"><efeatyp Sync="TRUE">Simple</efeatyp><efeageom code="4" Sync="TRUE"></efeageom><esritopo Sync="TRUE">FALSE</esritopo><efeacnt Sync="TRUE">0</efeacnt><spindex Sync="TRUE">FALSE</spindex><linrefer Sync="TRUE">TRUE</linrefer></esriterm></ptvctinf></spdoinfo><eainfo><detailed Name="Hunting_pits_covered_by_lidar"><enttyp><enttypl Sync="TRUE">Hunting_pits_covered_by_lidar</enttypl><enttypt Sync="TRUE">Feature Class</enttypt><enttypc Sync="TRUE">0</enttypc></enttyp><attr><attrlabl Sync="TRUE">FID</attrlabl><attalias Sync="TRUE">FID</attalias><attrtype Sync="TRUE">OID</attrtype><attwidth Sync="TRUE">4</attwidth><atprecis Sync="TRUE">0</atprecis><attscale Sync="TRUE">0</attscale><attrdef Sync="TRUE">Internal feature number.</attrdef><attrdefs Sync="TRUE">Esri</attrdefs><attrdomv><udom Sync="TRUE">Sequential unique whole numbers that are automatically generated.</udom></attrdomv></attr><attr><attrlabl Sync="TRUE">Shape</attrlabl><attalias Sync="TRUE">Shape</attalias><attrtype Sync="TRUE">Geometry</attrtype><attwidth Sync="TRUE">0</attwidth><atprecis Sync="TRUE">0</atprecis><attscale Sync="TRUE">0</attscale><attrdef Sync="TRUE">Feature geometry.</attrdef><attrdefs Sync="TRUE">Esri</attrdefs><attrdomv><udom Sync="TRUE">Coordinates defining the features.</udom></attrdomv></attr><attr><attrlabl Sync="TRUE">globalid</attrlabl><attalias Sync="TRUE">globalid</attalias><attrtype Sync="TRUE">String</attrtype><attwidth Sync="TRUE">38</attwidth><atprecis Sync="TRUE">0</atprecis><attscale Sync="TRUE">0</attscale></attr><attr><attrlabl Sync="TRUE">typavlamni</attrlabl><attalias Sync="TRUE">typavlamni</attalias><attrtype Sync="TRUE">Integer</attrtype><attwidth Sync="TRUE">5</attwidth><atprecis Sync="TRUE">5</atprecis><attscale Sync="TRUE">0</attscale></attr><attr><attrlabl Sync="TRUE">tolkningda</attrlabl><attalias Sync="TRUE">tolkningda</attalias><attrtype Sync="TRUE">Date</attrtype><attwidth Sync="TRUE">8</attwidth><atprecis Sync="TRUE">0</atprecis><attscale Sync="TRUE">0</attscale></attr><attr><attrlabl Sync="TRUE">tolkningka</attrlabl><attalias Sync="TRUE">tolkningka</attalias><attrtype Sync="TRUE">Integer</attrtype><attwidth Sync="TRUE">5</attwidth><atprecis Sync="TRUE">5</atprecis><attscale Sync="TRUE">0</attscale></attr><attr><attrlabl Sync="TRUE">kalladatum</attrlabl><attalias Sync="TRUE">kalladatum</attalias><attrtype Sync="TRUE">Date</attrtype><attwidth Sync="TRUE">8</attwidth><atprecis Sync="TRUE">0</atprecis><attscale Sync="TRUE">0</attscale></attr><attr><attrlabl Sync="TRUE">utbredning</attrlabl><attalias Sync="TRUE">utbredning</attalias><attrtype Sync="TRUE">Double</attrtype><attwidth Sync="TRUE">19</attwidth><atprecis Sync="TRUE">0</atprecis><attscale Sync="TRUE">0</attscale></attr><attr><attrlabl Sync="TRUE">insamlatav</attrlabl><attalias Sync="TRUE">insamlatav</attalias><attrtype Sync="TRUE">String</attrtype><attwidth Sync="TRUE">254</attwidth><atprecis Sync="TRUE">0</atprecis><attscale Sync="TRUE">0</attscale></attr><attr><attrlabl Sync="TRUE">verifierat</attrlabl><attalias Sync="TRUE">verifierat</attalias><attrtype Sync="TRUE">Integer</attrtype><attwidth Sync="TRUE">5</attwidth><atprecis Sync="TRUE">5</atprecis><attscale Sync="TRUE">0</attscale></attr><attr><attrlabl Sync="TRUE">SHAPE__Len</attrlabl><attalias Sync="TRUE">SHAPE__Len</attalias><attrtype Sync="TRUE">Double</attrtype><attwidth Sync="TRUE">19</attwidth><atprecis Sync="TRUE">0</atprecis><attscale Sync="TRUE">0</attscale></attr><attr><attrlabl Sync="TRUE">SHAPE__Are</attrlabl><attalias Sync="TRUE">SHAPE__Are</attalias><attrtype Sync="TRUE">Double</attrtype><attwidth Sync="TRUE">19</attwidth><atprecis Sync="TRUE">0</atprecis><attscale Sync="TRUE">0</attscale></attr><attr><attrlabl Sync="TRUE">created_us</attrlabl><attalias Sync="TRUE">created_us</attalias><attrtype Sync="TRUE">String</attrtype><attwidth Sync="TRUE">254</attwidth><atprecis Sync="TRUE">0</atprecis><attscale Sync="TRUE">0</attscale></attr><attr><attrlabl Sync="TRUE">created_da</attrlabl><attalias Sync="TRUE">created_da</attalias><attrtype Sync="TRUE">Date</attrtype><attwidth Sync="TRUE">8</attwidth><atprecis Sync="TRUE">0</atprecis><attscale Sync="TRUE">0</attscale></attr><attr><attrlabl Sync="TRUE">last_edite</attrlabl><attalias Sync="TRUE">last_edite</attalias><attrtype Sync="TRUE">String</attrtype><attwidth Sync="TRUE">254</attwidth><atprecis Sync="TRUE">0</atprecis><attscale Sync="TRUE">0</attscale></attr><attr><attrlabl Sync="TRUE">last_edi_1</attrlabl><attalias Sync="TRUE">last_edi_1</attalias><attrtype Sync="TRUE">Date</attrtype><attwidth Sync="TRUE">8</attwidth><atprecis Sync="TRUE">0</atprecis><attscale Sync="TRUE">0</attscale></attr><attr><attrlabl Sync="TRUE">Classvalue</attrlabl><attalias Sync="TRUE">Classvalue</attalias><attrtype Sync="TRUE">Integer</attrtype><attwidth Sync="TRUE">5</attwidth><atprecis Sync="TRUE">5</atprecis><attscale Sync="TRUE">0</attscale></attr></detailed></eainfo><mdDateSt Sync="TRUE">20230119</mdDateSt></metadata>
